{
	"id": "07da61e7-3935-47bd-abf7-0dcefec76c1d",
	"name": "msc_env",
	"values": [
		{
			"key": "base_url",
			"value": "http://127.0.0.1:8000",
			"enabled": true
		},
		{
			"key": "",
			"value": "",
			"enabled": false
		},
		{
			"key": "token",
			"value": "",
			"enabled": true
		},
		{
			"key": "xsrf-token",
			"value": "",
			"enabled": true
		}
	],
	"_postman_variable_scope": "environment",
	"_postman_exported_at": "2021-08-22T09:33:21.951Z",
	"_postman_exported_using": "Postman/8.10.0"
}