{
	"info": {
		"_postman_id": "d14a8c7a-ee21-491a-9533-07146b889c1a",
		"name": "Post",
		"schema": "https://schema.getpostman.com/json/collection/v2.1.0/collection.json"
	},
	"item": [
		{
			"name": "preRequisite",
			"request": {
				"method": "GET",
				"header": [],
				"url": {
					"raw": "{{base_url}}/api/post/pre-requisite",
					"host": [
						"{{base_url}}"
					],
					"path": [
						"api",
						"post",
						"pre-requisite"
					]
				}
			},
			"response": []
		},
		{
			"name": "show",
			"request": {
				"method": "GET",
				"header": [],
				"url": {
					"raw": "{{base_url}}/api/post/2",
					"host": [
						"{{base_url}}"
					],
					"path": [
						"api",
						"post",
						"2"
					]
				}
			},
			"response": []
		},
		{
			"name": "index",
			"request": {
				"method": "GET",
				"header": [],
				"url": {
					"raw": "{{base_url}}/api/post",
					"host": [
						"{{base_url}}"
					],
					"path": [
						"api",
						"post"
					]
				}
			},
			"response": []
		},
		{
			"name": "store",
			"request": {
				"method": "POST",
				"header": [],
				"body": {
					"mode": "formdata",
					"formdata": [
						{
							"key": "title",
							"value": "Mt Second Lovely Dog English Literature Essay",
							"type": "text"
						},
						{
							"key": "content",
							"value": "My father likes animals very much that he kept them since I was young. He had dogs. At that time, I was too young that I was afraid of them. I was small child and they were big monsters. So I didn’t like them. But, my father tried to make me become familiar with them. So he used to gave me chances to touch the little baby dog. He brought the baby to me every night for 5~6 minutes. The Big dog was scared, but the little baby was very cute.",
							"type": "text"
						},
						{
							"key": "view_count",
							"value": "0",
							"type": "text"
						},
						{
							"key": "featured_image",
							"type": "file",
							"src": [],
							"disabled": true
						}
					]
				},
				"url": {
					"raw": "{{base_url}}/api/post",
					"host": [
						"{{base_url}}"
					],
					"path": [
						"api",
						"post"
					]
				}
			},
			"response": []
		},
		{
			"name": "update",
			"request": {
				"method": "POST",
				"header": [],
				"body": {
					"mode": "formdata",
					"formdata": [
						{
							"key": "title",
							"value": "Mt Third Lovely Dog English Literature Essay",
							"type": "text"
						},
						{
							"key": "content",
							"value": "My father likes animals very much that he kept them since I was young. He had dogs. At that time, I was too young that I was afraid of them. I was small child and they were big monsters. So I didn’t like them. But, my father tried to make me become familiar with them. So he used to gave me chances to touch the little baby dog. He brought the baby to me every night for 5~6 minutes. The Big dog was scared, but the little baby was very cute.",
							"type": "text"
						},
						{
							"key": "view_count",
							"value": "2",
							"type": "text"
						}
					]
				},
				"url": {
					"raw": "{{base_url}}/api/post/2",
					"host": [
						"{{base_url}}"
					],
					"path": [
						"api",
						"post",
						"2"
					]
				}
			},
			"response": []
		},
		{
			"name": "destroy",
			"request": {
				"method": "DELETE",
				"header": [],
				"url": {
					"raw": "{{base_url}}/api/post/{id}",
					"host": [
						"{{base_url}}"
					],
					"path": [
						"api",
						"post",
						"{id}"
					]
				}
			},
			"response": []
		}
	]
}